[
  {
    "id": "1db12810-d6fd-41ae-87ac-b82387d6ee54",
    "data": [
      {
        "text": "what can you do?",
        "userDefined": false
      }
    ],
    "isTemplate": false,
    "count": 0,
    "updated": 0
  },
  {
    "id": "c65c9531-5114-4f14-847c-bcdd7612de66",
    "data": [
      {
        "text": "what are you able to do?",
        "userDefined": false
      }
    ],
    "isTemplate": false,
    "count": 0,
    "updated": 0
  },
  {
    "id": "fea51cde-cb53-419a-9691-b14ed178ecdb",
    "data": [
      {
        "text": "what else can you do?",
        "userDefined": false
      }
    ],
    "isTemplate": false,
    "count": 0,
    "updated": 0
  },
  {
    "id": "112645de-add0-4741-81b8-45f2778d9959",
    "data": [
      {
        "text": "What else you can do?",
        "userDefined": false
      }
    ],
    "isTemplate": false,
    "count": 0,
    "updated": 0
  },
  {
    "id": "ca2f6318-095d-41de-8699-4e1b90a59452",
    "data": [
      {
        "text": "What can I do?",
        "userDefined": false
      }
    ],
    "isTemplate": false,
    "count": 0,
    "updated": 0
  }
]