[
  {
    "id": "2089e4a7-32b0-426c-a8bc-d43fdcb27640",
    "data": [
      {
        "text": "Tell me about your experiences",
        "userDefined": false
      }
    ],
    "isTemplate": false,
    "count": 1,
    "updated": 0
  },
  {
    "id": "75fb5047-03cf-4b04-b778-2d2900c00a99",
    "data": [
      {
        "text": "experiences",
        "userDefined": false
      }
    ],
    "isTemplate": false,
    "count": 0,
    "updated": 0
  },
  {
    "id": "77011150-1675-4706-b5c7-8b2b5055eb14",
    "data": [
      {
        "text": "Where did you work ?",
        "userDefined": false
      }
    ],
    "isTemplate": false,
    "count": 0,
    "updated": 0
  },
  {
    "id": "271a35d9-d986-4cad-b147-b9e4bb297ed6",
    "data": [
      {
        "text": "work experience",
        "userDefined": false
      }
    ],
    "isTemplate": false,
    "count": 0,
    "updated": 0
  },
  {
    "id": "361010a1-5284-4e7b-876b-d0e1b003b556",
    "data": [
      {
        "text": "total years of experience",
        "userDefined": false
      }
    ],
    "isTemplate": false,
    "count": 0,
    "updated": 0
  }
]