[
  {
    "id": "ada6487d-8c25-4b29-878b-cf9adba816fb",
    "data": [
      {
        "text": "about",
        "userDefined": false
      }
    ],
    "isTemplate": false,
    "count": 0,
    "updated": 0
  },
  {
    "id": "35c02e98-4c23-4fd0-9650-3de3d8df7b09",
    "data": [
      {
        "text": "Who are you?",
        "userDefined": false
      }
    ],
    "isTemplate": false,
    "count": 0,
    "updated": 0
  },
  {
    "id": "8b13e67f-1dab-442b-944a-cd384db90dcc",
    "data": [
      {
        "text": "Who are you",
        "userDefined": false
      }
    ],
    "isTemplate": false,
    "count": 0,
    "updated": 0
  },
  {
    "id": "8c6aeeb2-8632-44d5-ad7a-f9fa781b19ad",
    "data": [
      {
        "text": "Tell me about yourself",
        "userDefined": false
      }
    ],
    "isTemplate": false,
    "count": 0,
    "updated": 0
  },
  {
    "id": "8cb7c6f0-4daf-46c9-8630-ebce38725a5a",
    "data": [
      {
        "text": "Who am i talking with?",
        "userDefined": false
      }
    ],
    "isTemplate": false,
    "count": 0,
    "updated": 0
  },
  {
    "id": "fc454368-9616-4b12-aa98-a7a6369bfd10",
    "data": [
      {
        "text": "Who am i speaking with?",
        "userDefined": false
      }
    ],
    "isTemplate": false,
    "count": 0,
    "updated": 0
  },
  {
    "id": "f48bbe11-4ee0-43db-a8db-21cb28058311",
    "data": [
      {
        "text": "Introduce yourself please",
        "userDefined": false
      }
    ],
    "isTemplate": false,
    "count": 0,
    "updated": 0
  },
  {
    "id": "f384d31a-a8f9-4fbe-9e9b-ff0882551dc0",
    "data": [
      {
        "text": "Introduction please",
        "userDefined": false
      }
    ],
    "isTemplate": false,
    "count": 0,
    "updated": 0
  },
  {
    "id": "e0c1cd96-1089-415d-89bb-e969ba87f937",
    "data": [
      {
        "text": "who am i",
        "userDefined": false
      }
    ],
    "isTemplate": false,
    "count": 0,
    "updated": 0
  },
  {
    "id": "c732c4f6-c663-49af-8795-47cfb9a8abac",
    "data": [
      {
        "text": "who am i?",
        "userDefined": false
      }
    ],
    "isTemplate": false,
    "count": 0,
    "updated": 0
  }
]