[
  {
    "id": "d7ceebd5-d9a1-4689-8f7d-34580707e104",
    "data": [
      {
        "text": "back to help",
        "userDefined": false
      }
    ],
    "isTemplate": false,
    "count": 0,
    "updated": 0
  },
  {
    "id": "ee168884-11dc-40b2-84b2-02709559b6fe",
    "data": [
      {
        "text": "help please",
        "userDefined": false
      }
    ],
    "isTemplate": false,
    "count": 0,
    "updated": 0
  },
  {
    "id": "6c1ff298-370e-40bb-ad60-75ddc6476a14",
    "data": [
      {
        "text": "help",
        "userDefined": false
      }
    ],
    "isTemplate": false,
    "count": 0,
    "updated": 0
  }
]