[
  {
    "id": "240a1c72-0c86-4aee-9012-aeebe782e644",
    "data": [
      {
        "text": "linkedin",
        "userDefined": false
      }
    ],
    "isTemplate": false,
    "count": 0,
    "updated": 0
  },
  {
    "id": "059d4c72-316b-479c-95a9-2aa540e44bb5",
    "data": [
      {
        "text": "twitter",
        "userDefined": false
      }
    ],
    "isTemplate": false,
    "count": 0,
    "updated": 0
  },
  {
    "id": "b4e0d575-98ef-4c34-b9c2-fb252ec5e880",
    "data": [
      {
        "text": "instagram",
        "userDefined": false
      }
    ],
    "isTemplate": false,
    "count": 0,
    "updated": 0
  },
  {
    "id": "3d5fd346-ca39-4cf7-aaa5-6bbb3e7172a5",
    "data": [
      {
        "text": "facebook",
        "userDefined": false
      }
    ],
    "isTemplate": false,
    "count": 0,
    "updated": 0
  },
  {
    "id": "d952757a-abb3-4106-801e-cc3a274c5fdc",
    "data": [
      {
        "text": "Social",
        "userDefined": false
      }
    ],
    "isTemplate": false,
    "count": 0,
    "updated": 0
  }
]