[
  {
    "id": "56b4cfa1-5c0f-44f6-9f8e-288ae64c7855",
    "data": [
      {
        "text": "builder",
        "userDefined": false
      }
    ],
    "isTemplate": false,
    "count": 0,
    "updated": 0
  },
  {
    "id": "f6ecbe1e-a9c8-4765-ab0a-e3c8f2d27ab6",
    "data": [
      {
        "text": "who is your creator?",
        "userDefined": false
      }
    ],
    "isTemplate": false,
    "count": 0,
    "updated": 0
  },
  {
    "id": "fd4e46b3-be03-4667-9a96-6847c5d86fec",
    "data": [
      {
        "text": "developer",
        "userDefined": false
      }
    ],
    "isTemplate": false,
    "count": 0,
    "updated": 0
  },
  {
    "id": "4902455e-d67a-4f8e-96ba-2b291f404cac",
    "data": [
      {
        "text": "who developed you?",
        "userDefined": false
      }
    ],
    "isTemplate": false,
    "count": 0,
    "updated": 0
  },
  {
    "id": "36685993-0e57-4595-a26e-f10cd184acbd",
    "data": [
      {
        "text": "who is developer?",
        "userDefined": false
      }
    ],
    "isTemplate": false,
    "count": 0,
    "updated": 0
  },
  {
    "id": "3ebe2b96-ef37-4376-9f6b-7bb58657ab2c",
    "data": [
      {
        "text": "Who built me?",
        "userDefined": false
      }
    ],
    "isTemplate": false,
    "count": 0,
    "updated": 0
  }
]